{
  "project_info": {
    "project_number": "897998289522",
    "firebase_url": "https://fir-7b519.firebaseio.com",
    "project_id": "fir-7b519",
    "storage_bucket": "fir-7b519.appspot.com"
  },
  "client": [
    {
      "client_info": {
        "mobilesdk_app_id": "1:897998289522:android:482f662ea4f2f0af72a0eb",
        "android_client_info": {
          "package_name": "com.example.demo"
        }
      },
      "oauth_client": [
        {
          "client_id": "897998289522-hmfgoognpsd5puj1oim236ng4a9t4isg.apps.googleusercontent.com",
          "client_type": 1,
          "android_info": {
            "package_name": "com.example.demo",
            "certificate_hash": "29f9c47fd80caa78291c61d7b638d1f117e02b47"
          }
        },
        {
          "client_id": "897998289522-1v2hrk8mc0j7tro2r6nbiauk7gduo0e0.apps.googleusercontent.com",
          "client_type": 3
        }
      ],
      "api_key": [
        {
          "current_key": "AIzaSyBQl_l34DSILycmeioM6g1rYliuAux7wiE"
        }
      ],
      "services": {
        "appinvite_service": {
          "other_platform_oauth_client": [
            {
              "client_id": "897998289522-1v2hrk8mc0j7tro2r6nbiauk7gduo0e0.apps.googleusercontent.com",
              "client_type": 3
            }
          ]
        }
      }
    }
  ],
  "configuration_version": "1"
}